accuracy,precision,recall,f1_score,false_positive_rate,tp,tn,fp,fn,roc_auc,if_accuracy,if_precision,if_recall,rf_accuracy,rf_precision,rf_recall,holdout_rows,detection_time_s,scenario_correct,scenario_total
0.9810174639331815,0.9420135453922837,0.9929413652041389,0.9668072477350828,0.023583299805019962,12379,31549,762,88,0.8904631460629768,0.8258743132788423,0.885186407126361,0.43041629902943773,0.9962704899727545,0.9940552699228792,0.9925403064089195,44778,5.5727,6,6
